,0,1,2,3,4,5,6,7,8,9,10,11,12,13,14,15,16,17,18,19,20,21,22,23,24,25,26,27,28,29,30,31,32,33,34,35,36,37,38,39,40,41,42,43,44
0,20.0,27.89827960243491,35.57329291314096,43.03609690949497,50.29728622761212,57.36694347905211,64.25461570237212,70.96930915919836,77.51949675981768,83.91313394820003,90.15768002181449,96.26012270814743,102.22700444369224,108.06444925965161,113.77818951448882,119.37359195865719,124.8556827950045,130.22917152703843,135.4984734794662,140.66773094080781,145.7408329235679,150.72143356870993,155.61296924191527,160.41867438222,165.1415961712383,169.78460809487933,174.35042247040616,178.84160201072547,183.26057049555806,187.60962261607943,191.89093305606536,196.10656486876604,200.25847720483097,204.34853244273108,208.37850276935444,212.35007625483678,216.26486246226347,220.12439762965812,223.9301494586644,227.68352154153303,231.38585745543696,235.03844455074955,238.64251745772145,242.1992613339704,245.70981487334393
1,20.0,27.862926887783942,35.504221054222796,42.93482359300839,50.1652187193564,57.205385227570105,64.06477348303036,70.75230035631574,77.27635652416427,83.6448220649221,89.8650873915509,95.94407739045778,101.8882772431624,107.70375885565369,113.39620714874667,118.9709457027825,124.43296142463282,129.7869280312553,135.03722823466865,140.18797457756568,145.2430289138186,150.2060205590147,155.080363156707,159.86927031910773,164.5757701085813,169.20271843005725,173.75281140552306,178.2285968009079,182.63248457355138,186.96675660551182,191.2335756845314,195.4349937907773,199.57295974368088,203.6493262594181,207.66585646589385,211.6242299185593,215.52604815703853,219.37283983938767,223.1660654878599,226.90712187730912,230.59734609482496,234.23801929684583,237.83037018783807,241.3755782426408,244.87477669275484
2,20.0,27.827709580504518,35.43540812321788,42.833922068044785,50.0336263711751,57.044397080517626,63.875588858338574,70.5360300519443,77.03402987354411,83.37739371249091,89.57344368926289,95.6290423648997,101.55061811359298,107.34419110356566,113.01539915254534,118.56952295910469,124.0115103822746,129.34599956575056,134.57734079205483,139.70961701533707,144.7466630658908,149.6920835499692,154.54926948883752,159.32141375397157,164.01152536294978,168.6224427044121,173.15684576158986,177.61726740317192,182.00610380827197,186.32562408943954,190.5779791743371,194.76521000311368,198.88925509481464,202.95195753248095,206.95507141299913,210.9002678043086,214.78914024929315,218.62320985259458,222.4039299836968,226.13269062693962,229.81082240663005,233.43960031311536,237.02024715356094,240.55393674922402,244.04179689922114
3,20.0,27.79262727754997,35.366853396736644,42.73339136056819,49.902508016006664,56.883977724698696,63.687060406610954,70.32049674576996,76.79251525244894,83.11084729842128,89.28274729954029,95.31501600392016,101.21402542355167,106.98574437444273,112.635763904405,118.16932211760752,123.59132807272283,128.90638455307544,134.11880959468317,139.23265672038463,144.251733872003,149.17962106262735,154.01968679124934,158.77510327489261,163.44886056101547,168.0437795868503,172.56252425356263,177.0076125824786,181.38142701874403,185.68622394506866,189.9241424650021,194.0972125117043,198.20736233458013,202.25642541255718,206.24614683927797,210.17818922210165,214.05413813360076,217.8755071512153,221.64374251789303,225.36022745390886,229.02628614761102,232.64318745058097,236.21214830060995,239.73433689397632,243.21087562674654
4,20.0,27.757679572921006,35.29855614512837,42.6332304867401,49.771862473322244,56.72412582975039,63.49918668532871,70.10569891306056,76.55181107748012,82.84518119899542,88.99299657253476,95.00199664245775,100.878497501156,106.62841699606514,112.25729973685003,117.77034151964642,123.17241284958277,128.46808136209205,133.66163302946535,138.75709210039662,143.75823976339018,148.6686315546586,153.49161355109908,158.23033740175748,162.88777425883455,167.46672767322622,171.96984552089162,176.3996310258127,180.7584529435302,185.04855496664607,189.27206441058274,193.43100023451046,197.52728044885993,201.56272895733753,205.53908187793616,209.45799338413548,213.32104110434642,217.129731114692,220.88550255744258,224.5897319148383,228.24373696563072,231.8487804494589,235.40607346212562,238.9167786029567,242.38201289369272
5,20.0,27.722866057966712,35.23051563306922,42.53343845378106,49.64168855024684,56.56484004951113,63.31196623274229,69.89163500649096,76.31191573938543,82.5803937615014,88.70418982639114,94.68998258055939,100.54403263686805,106.27220725590502,111.88000493954144,117.37257946124197,122.75476301872243,128.03108831157675,133.20580943091886,138.28292150838615,143.26617911434653,148.15911342453126,152.96504819407915,157.68711459071568,162.32826494643854,166.89128549106368,171.37880813237143,175.79332134715833,180.1371802458293,184.4126158706777,188.62174378500714,192.7665720069743,196.84900833863037,200.87086713723176,204.83387557254554,208.73967941065365,212.58984836168696,216.38588102602114,220.12920947074747,223.82120346569667,227.46317440593907,231.05637894550773,234.6020223650783,238.10126169449023,241.55520860928846
6,20.0,27.688186321671765,35.16273112012419,42.43401426079379,49.51198504263118,56.406119023328245,63.1253975694035,69.67830345788815,76.07282760500686,82.31648330637466,88.41632534957421,94.37897208588413,100.21062908616886,105.91711340396483,111.50387776227507,116.97603419623294,122.33837684157567,127.59540367367009,132.75133708476045,137.81014324642467,142.7755502460966,147.65106501551924,152.4399890885569,157.14543323844907,161.77033105223148,166.3174515040792,170.7894105907872,175.18868209226633,179.51760751836304,183.77840530093061,187.9731792871903,192.10392658724356,196.17254482529245,200.18083884080198,204.1305268825767,208.0232463355735,211.86055901726849,215.6439560775571,219.3748625335022,223.05464146775984,226.68459791720244,230.26598247612185,233.79999463641906,237.28778588536903,240.73046257987437
7,20.0,27.653639950930085,35.09520186128225,42.334956899548274,49.38275073607463,56.24796137730732,62.93947919962926,69.46570267989915,75.83454501914326,82.05344812924585,88.12940140309371,94.0689633960983,99.87828507211691,105.56313365549408,111.12891641785075,116.58070393929364,121.92325253830421,127.16102567717945,132.29821423134644,137.3387555692173,142.28635143050298,147.14448461953913,151.91643454953982,156.60529168626266,161.21397094720453,165.74522411651748,170.20165133736924,174.5857117432252,178.8997332880602,183.14592183322918,187.32636954593892,191.44306266118247,195.4978886557854,199.49264287997596,203.4290346887077,207.3086931118865,211.13317209971416,214.90395537658253,218.6224609343423,222.2900451933325,225.90800685729312,229.47759048618292,232.99998980898715,236.47635079681004,239.9077745149043
8,20.0,27.619226530806202,35.02792710746786,42.236265355232035,49.253984406902646,56.09036572550565,62.75420961290081,69.25383106758562,75.59706630633048,81.79128650289852,87.8434162226315,93.75995472116563,99.54699878779513,105.21026619358724,110.75511908481656,116.18658686881992,121.50938829082162,126.72795251073808,131.84643906896366,136.86875668752305,141.79858089361318,146.63937048082187,151.3943828424691,156.06668822399843,160.65918294896773,165.1746016772998,169.61552875605582,173.98440872283658,178.28355602054273,182.5151639800481,186.6813131246493,190.78397884717145,194.82503850748566,198.8062779950414,202.7293977979105,206.59601861683342,210.40768655988387,214.16587795064845,217.87200378025983,221.527413831234,225.1334004988401,228.69120233367016,232.202007327174,235.6669559601662,239.08714403269732
9,20.0,27.58494564478366,34.960906106027664,42.137938607164415,49.12568482309831,55.93333067107034,62.56958728519817,69.04268699994498,75.36038977254077,81.5299966791381,87.55836802057337,93.45194424553432,99.21676839864739,104.85850917166476,110.38248391008989,115.79368112968649,121.09678224568313,126.29618232582408,131.39600975697488,136.40014477142415,141.31223681905107,146.13572079942395,150.87383218684914,155.5296210937808,160.10596532560982,164.6055824839957,169.031041177575,173.38477139880456,177.66907412442066,181.88613019491135,186.03800852580753,190.12667370070585,194.15399299290084,198.12174285943263,202.03161494832682,205.8852216568652,209.68410127591665,213.42972275269358,217.1234901017953,220.76674649205836,224.36077803455248,227.90681729504132,231.4060465523562,234.8596008224058,238.2685706659567
10,20.0,27.550796875001765,34.894138101194585,42.03997562947802,48.99785074519082,55.77685480732396,62.38561068027349,68.83226884136286,75.1245137068052,81.26957689057696,87.274254987949,93.14493013022656,98.887592044712,104.50786071584531,110.01100901146361,115.40198483588324,120.68543251684883,125.8657132396475,130.94692441882728,135.9329179534535,140.8273173512606,145.63353373458574,150.3547807597181,154.99408849359799,159.55431629938846,164.03816478662088,168.44818688334783,172.78679808774308,177.05628595540117,181.25881887660057,185.39645419529495,189.47114571879615,193.4847506641621,197.4390360843119,201.33568481393525,205.17630097239294,208.9624150580592,212.69548866594766,216.37691885801183,220.00804221321414,223.59013858231987,227.12443457038893,230.6121067681019,234.0542847513628,237.4520538670585
11,20.0,27.516779802480528,34.8276223345286,41.94237539176669,48.870480927101596,55.62093671879961,62.20227825086539,68.62257494299763,74.889436382761,81.01002535233698,86.99107529628327,92.83891051483198,98.55946784275159,104.15831892720752,109.64069247999612,115.01149607302955,120.27533718831904,125.43654333790408,130.49918114492198,135.46707433157775,140.34382059860081,145.13280740793635,149.83722669896156,154.46008858072264,159.00423405025623,163.47234679126626,167.8669641092195,172.19048705900673,176.4451898202177,180.6332283731805,184.7566485265076,188.81739334417898,192.81731001732408,196.7581562229554,200.6416060090201,204.46925524233592,208.2426266532899,211.96317450862784,215.632288941259,219.251299963752,222.82148119009895,226.34405328838045,229.82018718515928,233.25100704076806,236.63759301311978
12,20.0,27.48289400733495,34.761358045337374,41.84513685970347,48.74357411695041,55.465574982226315,62.01958843985574,68.41360364410048,74.65515606012684,80.75134026367283,86.70882709936132,92.53388351940885,98.23239388828569,103.80988188394946,109.27153238229312,114.62221290077531,119.86649431665154,125.00867067740597,130.05277799535583,135.00261197204827,139.86174463630402,144.63353990655736,149.3211681064796,153.92761947498087,158.45571671923022,162.9081266635672,167.28737104902604,171.59583653835352,175.83578398038657,180.00935698584732,184.11858986429473,188.1654149693431,192.15166949647607,196.079101774947,199.94937709244522,203.76408308847215,207.5247347497426,211.23277903843137,214.8895991817311,218.49651864898362,222.05480484058864,225.56567251098517,229.0302869462301,232.44976691506446,235.8251874108488
13,20.0,27.449139068977672,34.695344471074634,41.748258995627054,48.61712905782201,55.3107681674673,61.837539681371084,68.20535327327218,74.42167098610776,80.49351980951849,86.42750853491043,92.22984724629595,97.90636825752756,103.46254764344587,108.90352676268196,114.23413335508889,119.45890193336021,124.58209328858845,129.60771300253413,134.53952891211787,139.3810875092948,144.13572928590258,148.8066030512062,153.39667926186962,157.90876241160595,162.34550253201218,166.70940585799667,171.00284471143948,175.2280666557923,179.38720297260346,183.48227650872002,187.51520894037583,191.4878274976711,195.4018711901872,199.2589965717395,203.06078307959785,206.8087379809367,210.50430095683322,214.14884835182824,217.74369711490255,221.29010845570593,224.78929123799992,228.24240513054013,231.6505635340165,235.01483630118872
14,20.0,27.415514566312424,34.62958084771947,41.65174075909954,48.49114448849457,55.156514838411795,61.65613040183018,67.99782214965927,74.18897939673286,80.2365621619602,86.14711772620223,91.9267997818385,97.58138900922944,103.11631424420898,108.53667364528405,113.84725545043807,119.05255804720196,124.15680917790053,129.16398417366287,134.07782316263268,138.90184723487977,143.63937357258436,148.29352957199058,152.86726599553202,157.36336920002532,161.78447249110224,166.13306665600328,170.4115097271565,174.62203602811246,178.76676455176698,182.84770671865488,186.8667735606374,190.82578237267904,194.72646287272306,198.57046290700117,202.35935373550296,206.0946349298206,209.77773891319396,213.4100351703246,216.99283415240882,220.52739090086288,224.01490841137434,227.4565407582079,230.85339599711716,234.20653886375732
15,20.0,27.382020077916422,34.564066410135695,41.55558110743624,48.36561914413272,55.00281355382356,61.47535902094097,67.79100858409186,73.9570795181279,79.9804654816374,85.86765278357683,91.62473919803102,97.25745418643919,102.77117970775453,108.1709710359874,113.46157718186606,118.64746064635341,123.73281633008031,128.72158949312075,133.61749271049933,138.42402180530866,143.14447076702692,147.78194568034172,152.33937770159173,156.81953512739972,161.2250346043616,165.5583515306571,169.82182970081402,174.01769024408287,178.1480399053192,182.21487871520617,186.22010709426712,190.16553243256936,194.0528751844049,197.88377451462605,201.6597935307679,205.38242413263407,209.05309150868425,212.67315830635226,216.24392850134785,219.76665098905647,223.24252291934687,226.6726927944223,230.0582633478026,233.4002942210929
16,20.0,27.348655182213633,34.49880039241265,41.45977899620755,48.240551756944114,54.84966286814557,61.295223952646154,67.58491088016427,73.72596956772429,79.72522791907454,85.58911180589183,91.32366355407828,96.93456181816947,102.4271420403764,107.80641692432283,113.0770965269665,118.24360770048258,123.31011271032088,128.28052692471755,133.15853552103414,137.94760919021292,142.65101884599324,147.271849363042,151.81301237985235,156.27725820969425,160.6671869072057,164.98525854025962,169.2338027171714,173.41502741860978,177.5310271820955,181.58379068498397,185.57520776952646,189.50707595112766,193.38110644837377,197.1989297708633,200.96210089838547,204.67210408259353,208.33035730003036,211.93821638320276,215.49697885436495,219.00788748477203,222.47213360039297,225.89086015343082,229.26516457747516,232.5961014427076
17,20.0,27.315419457638882,34.43378202818826,41.364333379715674,48.11594105680331,54.697061332264695,61.115723606022584,67.37952733526231,73.49564775540853,79.47084761594726,85.31149288190045,91.02357089788126,96.61270992098741,102.08419923483535,107.4430092852491,112.69381144776264,117.84099716271947,122.88869626633061,127.84079441384256,132.70094954019834,137.47260733892614,142.1590157649897,146.76323858463547,151.28816800686832,155.73653643857995,160.11092740967348,164.41378571661414,168.64742683332753,172.81404563773685,176.9157245008276,180.95444078321805,184.93207378198792,188.85041116811448,192.71115495238882,196.51592701520912,200.2662742332182,203.9636732334099,207.60953480308967,211.20520798195736,214.75198386058645,218.25109910771113,221.70373924699595,225.11104170234898,228.4740986293471,231.79395954896
18,20.0,27.282312482792747,34.369010550954556,41.269243211445314,47.99178577184233,54.54500749423579,60.93685638613289,67.17485624153687,73.26611228461195,79.21732270628291,85.03479409155807,90.7244592674453,96.29189650052047,101.74234927196011,107.0807460808465,112.31171989249032,117.4396269715267,122.46856493028963,127.40238988950489,132.24473269672075,136.99901418268843,141.66845946055088,146.25611128979193,150.7648425383871,155.1973677839535,159.55625409902422,163.84393106769818,168.06270008146817,172.2147429614659,176.30212995303702,180.32682713672204,184.29070329756854,188.19553629236697,192.04301895199478,195.83476455363802,199.5723118952905,203.25713000263937,206.89062249625715,210.47413164494594,214.0089421291275,217.49628453634523,220.93733860924203,224.33323626479267,227.6850644021053,230.99386751474765
19,20.0,27.249333836587823,34.3044851943464,41.17450744449019,47.868084629009445,54.39349989996771,60.75862069483276,66.97089588682678,73.03736135334424,78.96465131759999,84.75901350726275,90.42632669221769,95.97211955288765,101.40159012216873,106.71962526192505,111.93081979729146,117.03949505247584,122.04971662070716,126.96531126627099,131.78988290411434,136.52682763674045,141.17934785241033,145.75046540555343,150.2430339116711,154.6597501963338,159.00316494220726,163.2756925802061,167.47962047148008,171.61711742644172,175.6902416057893,179.70094784671642,183.65109445541964,187.54244950475362,191.3766966735397,195.15544066168138,198.88021221292632,202.55247277487746,206.1736188237128,209.74498587904498,213.26785223243746,216.74344241130427,220.17293039824847,223.55744262434177,226.89806075340636,230.19582427302896
20,20.0,27.216483098387243,34.24020519241458,41.08012503195687,47.74483635459899,54.24253709387335,60.58101493153606,66.76764455553393,72.80939315517332,78.7128315719878,84.48414919503108,90.12917119435565,95.65337706605612,101.06191974691092,106.35964476955053,111.55110908782086,116.64059931993359,121.63214924418554,126.52955644610466,131.336398062591,136.05604560231222,140.69167884556248,145.24629884346865,149.72274004770338,154.12368160913798,158.45165788820833,162.70906822196469,166.8981859934354,171.02116704850408,175.08005750431244,179.07680099151162,183.01324537067399,186.89114896098374,190.7121863170454,194.4779535873567,198.18997348573504,201.8496999047989,205.45852219851315,209.01776915881743,212.52871270948515,215.99257133860402,219.41051328942973,222.7836595278407,226.11308650320717,229.3998287181791
21,20.0,27.183759848134514,34.17616977988297,40.98609492734488,47.622039674750056,54.09211761948262,60.40403749393738,66.56510052945009,72.5822058801516,78.46186158712811,84.21019921561037,89.83299078992593,95.33566702112483,100.72333610003278,106.0008025364877,111.17258568076625,116.24293767865635,121.21586069708792,126.095123320107,130.8842760608726,135.58666596850452,140.20545033221345,144.7436095016127,149.203958853276,153.589159940838,157.9017308702733,162.14405594422317,166.31839461994707,170.426889825108,174.47157567448124,178.45438462905577,182.37715413705502,186.2416327942767,190.04948605893463,193.8023015539514,197.5015939874492,201.14880972004767,204.74533100553072,208.292479929499,211.79152206878865,215.2436698927164,218.650085925604,222.01188568853797,225.33014043693322,228.6058797091829
22,20.0,27.151163666476236,34.112378192391134,40.892416084906245,47.49969331591893,53.94224002002278,60.2276867786951,66.36326208853853,72.35579771569212,78.21173947726129,83.93716162553153,89.53778349004028,95.01898739353993,100.38583712906956,105.64309648856795,110.79524748528866,115.84650802530228,120.80084886712052,125.66200977016734,130.43351477790992,135.11868661407487,139.72066019363376,144.24239526650518,148.6866882229731,153.05618309700793,157.35338180801926,161.58065368382802,165.74024430840655,169.8342837376233,173.86479412517758,177.8336967993543,181.74281882935497,185.59389911789765,189.388594054623,193.12848276266863,196.81507196862316,200.4498005239853,204.03404360424997,207.56911660983928,211.0562787912985,214.49673661949134,217.89164691995086,221.2421197890755,224.54922130849582,227.81397607267564
23,20.0,27.11869413487716,34.04882966672261,40.79908745998375,47.377796005323376,53.79290283896523,60.051961182076695,66.16212751167319,72.13016684739671,77.96246335409967,83.66503447810385,89.24354730192891,94.70333615424357,100.0494207764674,105.28652454598199,110.4190924043844,115.45130824986046,120.38711163482759,125.23021367052331,129.98411208450693,134.65210540912506,139.23730630190818,143.74265401492295,148.1709260410454,152.5247489722601,156.8066086094317,161.01885936528026,165.16373300310067,169.24334675351076,173.2597108505252,177.21473552676264,181.1102375057843,184.94794602756184,188.72950844097716,192.45649539513772,196.13040565919295,199.75267059829906,203.32465833142123,206.84767759479826,210.32298133313458,213.75177003893089,217.1351948588192,220.47436048432678,223.7703278431565,227.02411660582982
24,20.0,27.086350835728524,33.985523441019154,40.706108009328716,47.256346471360985,53.64410462054013,59.876859100565525,65.9616950773335,71.90531145983567,77.7140313276883,83.39381582435317,88.95028022995274,94.38871127075771,99.71408498073623,104.93108462449959,110.04411833616973,115.05733623699939,119.97464687500297,124.79973288923424,129.536065844855,134.18692021669602,138.75538652159094,143.24438361561425,147.6566701831835,151.994855452077,156.26140917275472,160.45867090268365,164.58885863721753,168.65407682838463,172.65632383200813,176.5974988221597,180.47940821019904,184.30377160371484,188.07222733864575,191.78633761579476,195.44759327090554,199.05741820547723,202.6171735035797,206.12816125810735,209.5916281281859,213.00876864782498,216.38072830439546,219.70860640409455,222.99345874025073,226.23630007910032
25,20.0,27.0541333524493,33.922458754982586,40.61347669140065,47.135343444003524,53.495843910222106,59.702378931434,65.76196306426158,71.6812297372843,77.46644150721738,83.12350371390716,88.6579802765587,94.07511070820692,99.37982767753755,104.57677463662088,109.67032317509421,114.66458986734108,119.56345245802328,124.37056528957277,129.08937391798236,133.72312889427445,138.27489871126886,142.74758193091844,147.14391851819386,151.46650041454274,155.71778138827784,159.90008620158636,164.01561913474228,168.06647190796212,172.05463104047334,175.98198468500266,179.850328974207,183.66137391368954,187.41674885426653,191.1180075741379,194.76663299962013,198.36404159115472,201.91158741943337,205.41056595469684,208.8622175905752,212.2677309222504,215.62824579723423,218.94485615566913,222.21861267576986,225.45052523882703
26,20.0,27.022041269580768,33.859634850062434,40.52119246664677,47.0147856551655,53.3481192551846,59.52851907328039,65.56292975207742,71.45791986441395,77.21969200178546,82.85409619582776,88.36664544317853,93.762532430281,99.04664680070914,104.22359249266077,109.29770481308333,114.2730670186603,119.15352625110336,123.94270873133553,128.64403415911954,133.26072929521206,137.79584072503434,142.25224681829235,146.63266890957783,150.93968173197533,155.17572314002098,159.34310316071839,163.44401241224688,167.4805299299053,171.45463043802363,175.36819110527068,179.22299781916138,183.02075101374777,186.76307108255452,190.45150340686087,194.08752302748576,197.67253898633305,201.20789836212356,204.6948900229945,208.13474811699348,211.52865531993814,214.87774585865532,218.1831083262524,221.44578830480913,224.66679080970238
27,20.0,26.990074172875666,33.79705096963363,40.429254297765794,46.894671839051625,53.20092920472831,59.355277926534825,65.36459342185947,71.23538002694306,76.97378092111848,82.5855913193949,88.0762737310746,93.45097440014047,98.71454028322813,103.8715361017683,108.92626114061272,113.882765567013,118.74486611947742,123.51616107207644,128.2000444209841,132.79971927006198,137.31821041387292,141.75837613174872,146.1229192170212,150.41439727246643,154.63523230732403,158.7877196736311,162.87403638057884,166.89624882555836,170.85631997980386,174.75611606529867,178.5974127580413,182.38190095100748,186.11119210827496,189.78682323987027,193.41026152500115,196.98290860948094,200.50610460136397,203.98113178710162,207.40921808890988,210.79154028251514,214.12922699301458,217.42336148525447,220.67498426388647,223.88509549710903
28,20.0,26.95823164938008,33.734706359159986,40.337661149952396,46.775000732480294,53.05427231068063,59.182653893931956,65.16695235668709,71.01360841224692,76.72870637624311,82.31798713484102,87.78686314213331,93.14043458126685,98.38350605811621,103.5206033728852,108.55599004771852,113.49368338779703,118.33746992750986,123.09092016826702,127.75740255498994,132.34009666783646,136.84200562696907,141.26596772320983,145.61466729779505,149.89064490132995,154.09630676634356,158.23393363024098,162.30568894645245,166.313626521586,170.2596976156853,174.1457575415077,177.97357179722763,181.7448217652627,185.4611100081059,189.12396519018984,192.7348466529595,196.2951486685181,199.80620439546192,203.26928955884898,206.68562587466096,210.05638423762372,213.38268768985068,216.66561418646478,219.90619917313484,223.10543798933008
29,20.0,26.926513287510772,33.67260026634847,40.246411991126934,46.65577107518692,52.90814712777046,59.01064538095426,64.9700048421497,70.79260320992933,76.48446648011878,82.05128169404071,87.49841167960972,92.83091093826027,98.05354205928853,103.17079221564427,108.18688942494447,113.10581835674725,117.93133553973723,122.66698387638428,127.3161064123808,131.88185933718557,136.36722421293013,140.77501944377678,145.10791100807103,149.36842248246245,153.55894439145794,157.68174291828018,161.73896801394397,165.7326609415132,169.6647612918497,173.53711350603282,177.3514729381738,181.1095114906965,184.81282285239297,188.46292736775558,192.06127656428265,195.60925736268678,199.1081959932253,202.55936163973786,205.96396983142301,209.32318560092324,212.6381264259134,215.90986497010425,219.13943163837507,222.327816959639
30,20.0,26.894918677126213,33.61073194129193,40.15550579214903,46.53698161010669,52.76255221397798,58.83925079624612,64.77374916682231,70.57236261235715,76.24105934822813,81.78547305115484,87.21091734882344,92.52240143758507,97.72464622234725,102.82210054120992,107.81895716422804,112.71916835086631,117.52646082184299,122.24435005392951,126.87615384529295,131.42500512750365,135.89386402093606,140.28552914492235,144.6026482041563,148.84772787962106,153.0231430565882,157.13114542465996,161.17387148589785,165.15335000717369,169.0715089522801,172.93018192825537,176.7311141789791,180.47596815749478,184.16632870680246,187.80370787710734,191.38954940574962,194.9252328843159,198.41207763576114,201.8513463227706,205.24424830707267,208.59194277797826,211.89554166707717,215.15611236476127,218.3746802530714,221.55223106827145
31,20.0,26.863447409592595,33.549100636601054,40.06494152701538,46.41863108363685,52.61748613085916,58.668468551998785,64.5781836227086,70.35288481515863,75.99848309912858,81.52055926323283,86.92437815780943,92.21490404826733,97.39681648532445,102.47452626306494,107.45219115973003,112.33373124929597,117.12284364157034,121.82301656038175,126.43754270774855,130.96953188996258,135.421922901813,139.79749467960465,144.09887674364842,148.32855895761878,152.48890063643387,156.58213903674698,160.61039726524302,164.57569164006662,168.47993854015726,172.32496077623904,176.112493515864,179.84418979336021,183.52162563387304,187.14630481897711,190.71966331962062,194.24307342047956,197.71784755816623,201.1452418941721,204.52645964193755,207.86265416603624,211.15493187014272,214.40435488921491,217.61194360017305,220.7786789642825
32,20.0,26.832099077844816,33.487705607527346,39.974718173043925,46.30071824588117,52.47294744384908,58.49829706431001,64.3833065056541,70.1341680176883,75.75673585496634,81.25653839077381,86.63879211792437,91.90841674254489,97.07005078937414,102.12806729774343,107.08658930860747,111.94950493412972,116.72048186957352,121.40298125808778,126.00027085658434,130.51543747847882,134.9513987090382,139.3109139033104,143.59659448651598,147.81091358344338,151.95621500763008,156.03472164355867,160.04854325622733,163.9996837626291,167.89004799917018,171.72144801807832,175.4956089445559,179.21417442493447,182.87871169447385,186.49071629178223,190.05161644516414,193.56277715455644,197.02550399111834,200.4410466350107,203.81060217044444,207.13531815570082,210.4162954845338,213.65459105415232,216.85122025384993,220.0071592872972
33,20.0,26.800873276442474,33.426546112075926,39.884834711043766,46.18324185087573,52.32893472254216,58.32873475351664,64.18911611572969,69.9162104234585,75.51581574195399,80.99340849824824,86.35415724441043,91.60293749647161,96.74434707941589,101.78272156551236,106.72214951173243,111.56648729116785,116.31937338020913,120.98424201308887,125.5643361523139,130.0627197506111,134.48228929967354,138.82578467502407,143.09579929610442,147.29478962729917,151.42508404982573,155.48889113687795,159.48830736556778,163.42532429942287,167.3018352747393,171.11964162315746,174.88045846158343,178.5859200791278,182.23758494916837,185.83694039302276,189.385406920087,192.88434226769158,196.33504516236735,199.73875882271744,203.0966742226654,206.4099331325026,209.67963095389013,212.9068193637812,216.0925087811218,219.23767066915343
34,20.0,26.76976960162125,33.36562141110937,39.79529012547164,46.066200656797605,52.18544654095126,58.159780044503066,63.99561075758669,69.69901024053968,75.27572089081366,80.73116765458207,86.07047155691896,91.29846429047899,96.41970330473299,101.43848699100585,106.3588696743613,111.18467621062126,115.91951605227354,120.56679669589221,125.12973645993242,129.61137656839895,134.0145925352375,138.34210485813338,142.5964890400747,146.7801849635797,150.89550564669003,154.94464541229377,158.92968750352594,162.85261117824393,166.71529831515983,170.51953956332784,174.2670400654879,177.95942478436336,181.5982434594917,185.18497522059067,188.72103288187412,192.20776694016536,195.64646929813307,199.03837673251098,202.38467412576756,205.68649747837225,208.94493671756152,212.161038317343,215.33580774338765,218.47021173544528
35,20.0,26.738787651339976,33.30493076844351,39.706083404576304,45.94959342615721,52.042481477747344,57.991431366985864,63.80278874078522,69.48256568193005,75.03644943718666,80.46981393360448,85.7877330799945,90.99499510989529,96.09611741952546,101.09536150381058,105.99674770675222,110.80406958776024,115.52090776968316,120.15064318218174,124.6964696496587,129.16140579913542,133.5483062825092,137.85987232126507,142.0986615912709,146.26709747176739,150.36747768684455,154.40198237016557,158.37268158490463,162.28154233115185,166.13043507266394,169.92113981400246,173.65535175794952,177.33468657173546,180.96068528913958,184.5348188739892,188.05849246903773,191.53304935267187,194.95977462441073,198.3398986387287,201.67460020536856,204.9650095730181,208.21221121200585,211.41724641052872,214.58111569785711,217.7047811069666
36,20.0,26.70792702532316,33.244473450933526,39.61721354052946,45.833418925974,51.90003811647853,57.82368715577513,63.610648380095995,69.26687496589653,74.79799952201137,80.20934541446115,85.50593984352213,90.69252794542541,95.7735873834215,100.75334303900814,105.63578152473718,110.42466532351614,115.12354642210522,119.73577935347856,124.26453359762462,128.7128053160858,133.08342841427617,137.37908493906195,141.60231482852737,145.7555250372704,149.84099806473,153.86089991652045,157.81728752997577,161.7121156954281,165.54724350440978,169.3244403551758,173.04539154483768,176.7117034760899,180.3249085050785,183.8864694554719,187.3977838222844,190.8601876875125,194.27495936819037,197.6433228160709,200.96645078680393,204.24546779521506,207.481452872097,210.67544213680378,213.82843119889014,216.94137740106316
37,20.0,26.67718732509968,33.1842487285536,39.52867952954648,45.71767592793759,51.75811504577143,57.656545851014926,63.41918799577803,69.05193631628782,74.56036929187002,79.94976018199344,85.22508988313734,90.39106079359055,95.45211116194588,100.41242953767153,105.2759690502466,110.04646132503314,114.72742990553633,119.32220309774567,123.8339261865064,128.26557299914595,132.61995681002014,136.89974059289608,141.1074466374091,145.24546555219126,149.3160646814036,153.32139596387935,157.26350326533537,161.14432921446036,164.96572157339455,168.72943917236546,172.43715743718184,176.090473537023,179.69091117857283,183.2399250710975,186.73890508559674,190.18918012970386,193.59202175858974,196.94864754075707,200.26022419630488,203.5278705240023,206.75266013234153,209.93562398864123,213.07775279924374,216.17999923289085
38,20.0,26.646568154037595,33.12425587446802,39.44048037199502,45.60236320855455,51.61671085951457,57.490005898402046,63.22840591383198,68.83774796282069,74.323556899307,79.6910563270867,84.94518124060357,90.09059165713353,95.13168672695218,100.07261894732312,104.91730821179215,109.66945550617606,114.33255612283517,118.90991230994598,123.40464530610785,127.81970673545015,132.15788935654973,136.42183717152716,140.6140549108963,144.73691691603767,148.79267544527607,152.7834684320207,156.71132672469435,160.5781808385603,164.38586724930002,168.1361342574857,171.8306474520719,175.47099479980966,179.05869138613963,182.59518383171059,186.08185440723946,189.5200248680083,192.9109600279084,196.25587109160222,199.55591876209604,202.81221613980068,206.0258314280129,209.19779045867148,212.3290790512355,215.42064521658972
39,20.0,26.616069117374877,33.06449416509497,39.352615072492995,45.487479549280124,51.475824157024476,57.32406574938534,63.03830046623091,68.6243081413412,74.08756050311831,79.43323194698729,84.6662119641552,89.79111854538684,94.81231205701482,99.73390922235058,104.559796944906,109.29364578799249,113.93892298420747,118.4989048925496,122.97668885389015,127.37520441992461,131.69722394857774,135.94537257170333,140.12213755000926,144.22987703637165,148.27082827278576,152.2471152486798,156.16075584960328,160.0136685257143,163.80767850926907,167.5445236096494,171.22585961348614,174.8532653162564,178.42824721042678,181.9522438538449,185.42662994068706,188.8527200958851,192.23177241260123,195.56499175101197,198.85353281541023,202.09850302544584,205.30096519620173,208.4619400407472,211.5824085078209,214.66331396637196
40,20.0,26.58568982224716,33.004962880164044,39.26508263999665,45.37302373663783,51.335453543195456,57.15872386134521,62.84886999112871,68.4116150940605,73.85237826861407,79.1762851455901,84.38818010880891,89.49263947460719,94.49398513778635,99.39629832438573,104.20343319254101,108.91903009913375,113.5465284076476,118.0891787559965,122.55005473545577,126.93206395579205,131.2379584892471,135.47034469870925,139.63169246437877,143.72434382940298,147.75052108901548,151.71233435018922,155.61178859011687,159.45079024227198,163.23115333861813,166.95460523590503,170.6227919530529,174.2372831454877,177.79957674102354,181.31110326055705,184.7732298454804,188.18726401236916,191.55445715417852,194.8760078059027,198.15306469142791,201.3867295671452,204.57805987678864,207.7280712309303,210.83773972359234,213.90800409753035
41,20.0,26.555429877711617,32.94566130276655,39.17788208787903,45.258994562325995,51.195597628634516,56.99397869775612,62.66011283304903,68.19966706976896,73.61800836785653,78.92021403369938,84.1110837366466,89.19515246827905,94.17670396232052,99.05978422264712,103.84821490543243,108.54560637623592,113.1553703193386,117.68073181911546,122.1247408649865,126.4902832550294,130.78009089060845,134.996751466864,139.14271757276452,143.2203152205285,147.23175182825304,151.1791236820613,155.06442290539866,158.8895439635736,162.65628973148813,166.36637715191068,170.02144251074714,173.62304635466523,177.17267807520255,180.67176018219135,184.12165228801342,187.52365482287917,190.87901250003455,194.18891754854945,197.45451273014277,200.67689415536,203.8571139133412,206.99618252840213,210.09507125570047,213.1547142273692
42,20.0,26.52528889476781,32.88658871939947,39.09101243399846,45.145390823311686,51.056255029780516,56.829828728330085,62.472027343052275,67.98846232402593,73.38444897987108,78.6650167292604,83.83492091706643,88.89865555738459,93.86046653136077,98.72436489424615,103.4941400424213,108.17337256426003,112.76544665400962,117.27356200949885,121.70074516563557,126.0498602387778,130.32361907404822,134.52459079996737,138.6552108035209,142.71778914481763,146.71451843449682,150.64748119951417,154.5186567642678,158.32992767451776,162.08308569143304,165.77983738254437,169.4218093355227,173.01055301964192,176.54754931859497,180.0342127570757,183.4718954422496,186.86189073995365,190.20543670420267,193.50371927735938,196.7578752771526,199.96899518561258,203.1381257539358,206.26627243629798,209.35440166469982,212.40344297605805
43,20.0,26.495266486375442,32.82774442000368,39.00447270075864,45.03221132191328,50.91742436900927,56.66627242914427,62.28461187888496,67.77799911932948,73.15169829083612,78.41069135756749,83.5596897270085,88.60314678064617,93.54527085359888,98.39003832446156,103.14120657074437,107.80232661679764,112.3767553552567,116.86766726383883,121.27806556988008,125.61079283771102,129.86854097067368,134.05386063170226,138.16917009501628,142.2167635474495,146.19881886191172,150.11740486794673,153.9744881456936,157.7719393700761,161.51153923195494,165.19498396245882,168.82389048588755,172.39980122555733,175.92418858580658,179.39845913215777,182.8239574903779,186.20196998392646,189.53372802804927,192.8204112975829,196.0631506843867,199.26303105922818,202.42109385191287,205.53833946247448,208.61572951532622,211.65418896741784
44,20.0,26.465362267469004,32.76912769799617,38.918261915160315,44.91945486587224,50.77910427472568,56.5033082827527,62.09786480511019,67.56827572526527,72.9197544942486,78.15723605144638,83.28538825115288,88.30862418473947,93.23111494590228,98.05680250698072,102.78941246628932,107.43246649633937,111.98929437582512,116.46304552822363,120.85670001983095,125.17307899236016,129.41485452165267,133.58455890598998,137.6845933960049,141.71723638410145,145.6846510752344,149.58889266336138,153.4319150392364,157.21557705575242,160.94164837698196,164.6118149365792,168.22768403042045,171.79078906737385,175.3025940009726,178.7644974635789,182.17783662340497,185.5438907835363,188.86388474090052,192.13899192195726,195.37033731076485,198.55900018400865,201.70601666656358,204.81238212020742,207.87905337720406,210.90695082963555
45,20.0,26.435575854970068,32.71073785029682,38.83237910884429,44.80712026841377,50.64129338144198,56.3409347782823,61.91178449322098,67.35929041863596,72.6886157910692,77.90464895141378,83.01201458209272,88.01508582447946,92.9179968335128,97.72465544411068,102.43875571381773,107.06379017451036,111.60306167785706,116.0596947583976,120.4366464675058,124.73671665339936,128.96255767851278,133.11668357730298,137.20147866595386,141.21920562129134,145.1720130501314,149.06194257273836,152.89093544543823,156.66083874799034,160.37341116129318,164.03032836054507,167.63318804823092,171.18351465035437,174.68276369825372,178.13232591718753,181.533531041686,184.8876513764754,188.1959051206074,191.45945947128672,194.67943352279224,197.85690097484076,200.99289266375047,204.08839892882338,207.14437182548727,210.16172719591248
46,20.0,26.405906867796375,32.65257417735012,38.74682331812761,44.69520634829814,50.503990329844726,56.17915041151497,61.726369321737025,67.15104148357216,72.45828038984655,77.65292820581408,82.73956682048316,87.72252976298063,92.60591455021779,97.39359514695974,102.08923430715708,106.69629563227238,111.218055233104,115.65761291998433,120.01790287506333,124.30170378189172,128.51164840339925,132.65023261093586,136.71982387532728,140.72266923667507,144.66090277351088,148.53655259436255,152.35154737616534,156.10772247453195,159.80682563089368,163.4505223011024,167.04040062936815,170.57797609048816,174.06469582227862,177.5019426689987,180.89103895540103,184.23325000988103,187.52978745405284,190.78181227496486,193.99043769509552,197.15673185424504,200.28172031646767,203.3663884142698,206.4116834414379,209.41851670504963
47,20.0,26.376354926868657,32.594635983141586,38.66159358403178,44.58371192986175,50.3671937668492,56.01795368495539,61.54161767628534,66.94352721162528,72.22874650682161,77.4020719709348,82.46804307516697,87.43095407179277,92.29486613849525,97.06361963559175,101.74084624936421,106.32998086009627,110.8342730231085,115.25679798867787,119.60046721500413,123.86803834950052,128.06212466929696,132.1852039832384,136.2396270058315,140.22762521930463,144.15131824379392,148.01272073810793,151.81374885490663,155.55622627473076,159.24188984334256,162.87239483644697,166.44931987517987,169.97417151486576,173.44838852853474,176.87334590560062,180.25035858497654,183.58068494077276,186.86553003760332,190.1060486714398,193.30334821090122,196.45849125286628,199.5724981053424,202.64634910962639,205.6809868129455,208.67731800197345
48,20.0,26.346919655115187,32.53692257520976,38.57668895230398,44.47263584304909,50.230902345642505,55.85734310788558,61.357527949665894,66.73674590184379,72.00001236601372,77.15207841110163,82.19744146327798,87.14035683101196,91.98484964963245,96.73472693915238,101.39358955285888,105.96484385810317,110.45171303935314,114.85724795039948,119.18433747033589,123.43571833866321,127.61398446021383,131.72159568180888,135.76088605061852,139.73407156984234,143.6432574711405,147.4904450256766,151.27753791702577,155.00634819981718,158.67860186803227,162.29594405651773,165.85994389862043,169.37209906200138,172.83383998370545,176.24653382450634,179.61148816145214,182.92995443643332,186.2031311775038,189.4321670086225,192.61816346245644,195.76217760990573,198.86522451907769,201.92827955555668,204.9522805349862,207.93812973820081
49,20.0,26.317600677473706,32.47943326465332,38.49210847343193,44.36197692343649,50.09511472571694,55.69731719640731,61.17409854190305,66.53069586083302,71.77207619928868,76.90294569875437,81.92776011032436,86.85073612937089,91.67586314382265,96.40691509597167,101.0474622395322,105.60088263617882,110.070373283381,114.45896080142506,118.76951163470773,123.00474174273302,127.1672257713305,131.2594057056524,135.2835990144539,139.24200630073915,143.1367184776381,146.96972349079806,150.74291260997222,154.45808631312207,158.11695978642513,161.72116806324686,165.27227082451418,168.77175688211037,172.2210483659615,175.62150463445926,178.97442592679943,182.28105677474065,185.5425891902226,188.7601656442439,191.93488185139756,195.0677893735005,198.1598980548411,201.21217830070526,204.22556321002725,207.20095057224916
50,20.0,26.288397620891374,32.422167366134374,38.40785120265235,44.251734012247084,49.95982957289198,55.53787447347196,60.99132786028298,66.32537540279992,71.54493624640969,76.65467201450343,81.65899715025029,86.56209006430544,91.36790469023646,96.08018215364035,100.70246234082799,105.23809521406008,109.69025176688712,114.06193454848164,118.35598771251261,122.57510656608804,126.72184660911608,130.7986320653044,134.80776391384836,138.75142743637468,142.6316992974518,146.4505541793897,150.20987099345234,153.91143869025893,157.55696169224706,161.1480649707654,164.6862987897739,168.17314313734016,171.61001186520457,174.9982565556893,178.33917013419108,181.63399024444982,184.88390240274543,188.09004294616068,191.253501789067,194.37532500105056,197.4565172186014,200.49804390204247,203.50083344837833,206.46577916999303
51,20.0,26.259310114322773,32.36512419787755,38.32391619995366,44.141905956358585,49.82504555932809,55.379013468900155,60.809214319378725,66.12078284958329,71.31859075507293,76.40725554717022,81.39115072548066,86.27441674200304,91.06097236707376,95.754526169065,100.3585878978011,104.87647962139636,109.311346511784,113.66616720881706,117.94376371896158,122.14681082421015,126.27784499141325,130.33927278292174,134.33337877715599,138.26233301316307,142.12819797693788,145.93293514967928,149.67841113956166,153.36640341926665,156.99860569164116,160.5766329055682,164.10202594357696,167.57625600195848,171.00072868326794,174.37678782012603,177.70571904822594,180.9887531454296,184.2270691528235,187.42179729261426,190.5740216967826,193.68478295949762,196.75508052541545,199.78587492515902,202.77808986849237,205.73261420496942
52,20.0,26.23033778872582,32.30830308166492,38.24030253007231,44.032491608302564,49.69076136352959,55.220732719388764,60.62775634106191,65.91691653066948,71.09303798092662,76.16069449380916,81.12421898694589,85.98771427743026,90.75506426159347,95.42994520849982,100.01583696115136,104.51603389778609,108.93365555024042,113.271656810242,117.53283768012926,121.71985254373499,125.83521894749214,129.88132589234203,133.86044164463908,137.7747210796249,141.62621257472324,145.4168644722924,149.1485311328808,152.82297860071435,156.44188990328217,160.0068700066385,163.51945044750084,166.98109366249957,170.39319703407307,173.75709667156593,177.0740709451075,180.34534378885206,183.5720877891739,186.7554270724416,189.89644000605813,192.99616172555454,196.05558649966628,199.07566994451065,202.05733109721587,205.001454358633
53,20.0,26.201480277055623,32.25170334282768,38.15700926248451,43.92348982625788,49.55697567034065,55.06303076850958,60.446952354503594,65.71377478319573,70.86827618757627,75.91498705971492,80.85820009409025,85.7019807943417,90.45017847012326,95.10643734755752,99.67420759123542,104.15675609278986,108.55717692469602,112.87840139114621,117.12320763297203,121.29422976247247,125.39396651807488,129.42478943911226,133.38895056850214,137.28858969642602,141.12574116175068,144.9023402303045,148.62022907053523,152.28116234776928,155.88681245845362,159.43877442553423,162.93857047561886,166.38765431786993,169.7874151437464,173.13918136580003,176.44422411278174,179.7037604973408,182.91895667163755,186.09093068524248,189.22075515877958,192.30945978589017,195.35803367525511,198.3674275436171,201.33855576999366,204.27229832056457
54,20.0,26.172737214257154,32.19532431023424,38.07403547139245,43.81489947403634,49.42368717093149,54.905906166696866,60.26680079616335,65.51135595194017,70.64430364657585,75.67013145841366,80.59309221486353,85.41721442527222,90.14631309805185,94.78400067120128,99.33369785805866,103.79864426592195,108.18190868785331,112.48639900049108,116.71487162532247,120.86994052940344,124.95408575533446,128.96966148049063,132.91890361289705,136.80393693638797,140.6267818212943,144.38936051926254,148.09350306222336,151.74095278623264,155.3333715010907,158.8723443264397,162.35938421456075,165.79593617941828,169.18338125069812,172.5230401707019,175.81617685103487,179.06400160507803,182.26767417129582,185.42830654150544,188.5469656073396,191.62467563727148,194.66242059575058,197.6611463152173,200.62176253102888,203.54514478863507
55,20.0,26.144108237255807,32.139165316275296,37.991380235706,43.706719421063156,49.29089456277842,54.74935747122697,60.087300109768535,65.30965838930126,70.4211186374065,75.42612591164135,80.32889352569828,85.13341331151241,89.84346625980305,94.4626332737173,98.99430584124633,103.4416964866208,107.80784890264727,112.09564769777927,116.30782771585865,120.44698290464953,124.51557472286612,128.51594008542043,132.45029885390016,136.3207608844681,140.12933264894394,143.8779234471744,147.56835123021187,151.20234805454095,154.7815651877894,158.3075778861816,161.78188986353666,165.20593747096763,168.58109360566323,171.9086713662777,175.18992747155227,178.42606545787243,181.61823867054693,184.76755306269217,187.87506981472973,190.94180778666322,193.96874581449515,196.9568248613815,199.90695003339965,202.81999246912574
56,20.0,26.115592984946375,32.08322569684509,37.909042639019276,43.598948542349945,49.158596549634524,54.59338324618756,59.90844874628249,65.10868045526394,70.19871944744108,75.18296864930619,80.06560221146998,84.85057560306689,89.54163607879133,94.14233325866815,98.6560296299948,103.08591083419816,107.43499564219297,111.70614555300097,115.90207397404998,120.02535495941908,124.07843149563365,128.06362333447714,131.9831343794611,135.8390596377114,139.63339175256078,143.36802713446832,147.0447717093001,150.665346303736,154.2313916877821,157.74447329421184,161.20608563432734,164.6176564288133,167.98055047170737,171.2960732446801,174.5654742979404,177.7899504131891,180.97064856314427,184.10866868128392,187.20506625459433,190.26085475128855,193.27700789467184,196.25446179358346,199.19411693913617,202.09684007680818
57,20.0,26.08719109818111,32.02750479132084,37.82702176958355,43.49158571846357,49.02679184149514,54.4379820624402,59.730245163864026,64.90842051735689,69.97710437189858,74.94065790944006,79.80321646544542,84.56869945859899,89.24082068736374,93.82309873883116,98.31886732300666,102.73128539777099,107.06334698971477,111.31789064656084,115.49760848008242,119.60505477593097,123.64265415989303,127.61270931979271,131.51740828932822,135.35883130517755,139.13895725220664,142.85966971392594,146.52276264675675,150.12994569740619,153.68284918288464,157.18302875256046,160.6319697512431,164.0310913016885,167.38175012419947,170.68524411018814,173.94281566571465,177.15565484014525,180.3249022541989,183.45165184079093,186.53695341124677,189.58181505865167,192.5872054093324,195.55405573273327,198.48326191925668,201.3756863349834
58,20.0,26.058902219755737,31.97200194253844,37.745316720275866,43.384629835488795,48.89547915455603,54.28315249757469,59.55268782781849,64.70887695059974,69.75627171378756,74.69919193813803,79.5417344892179,84.2877830453616,88.94101822672553,93.50492783611986,97.9828170284078,102.37781827617499,106.69290103845611,110.9308810691848,115.09442932476253,119.18608044731712,123.20824081309337,127.1631961449558,131.05311869494898,134.88007400784238,138.646027280047,142.35284933058756,146.00232220222858,149.59614441159948,153.13593586741325,156.6232424757573,160.05954045105142,163.44624035069813,166.78469085075204,170.07618227915464,173.32194992225294,176.52317711947035,179.68099816014706,182.79650099572683,185.8707297796501,188.90468724652447,191.89933694138944,194.85560530917422,197.77438365376867,200.6565299754858
59,20.0,26.03072599439446,31.916716496766412,37.6639265885637,43.278079784986005,48.764657211165115,54.12889313585538,59.37577521053868,64.51004813743913,69.53621978383711,74.45856898948387,79.28115449262754,84.00782453911262,88.64222684685103,93.18781868148949,97.6478768636481,102.02550757786003,106.32365589157081,110.54511492180723,114.69253460940155,118.76843007750352,122.77518956375621,126.7150819248896,130.59026371934704,134.40278587847507,138.1545999802296,141.84756414163235,145.48344854762308,149.06394063470862,152.59064994807414,156.06511269072632,159.48879598287613,162.86310184922354,166.18937095113165,169.46888607992224,172.7028754267186,175.89251564343556,179.03893470868564,182.14321461154998,185.2063938653642,188.22946986289872,191.21340108357327,194.1591091626437,197.0674808316328,199.93936973864908
60,20.0,26.00266206873397,31.861647803676817,37.58285047646626,43.17193446394424,48.63432473976866,53.97520256816125,59.19950579143949,64.31193246767742,69.3169469004198,74.21878732546742,79.02147469367242,83.72882212401925,88.3444447063813,92.87176941482852,97.31404495538686,101.67435142077045,105.95560966199798,110.16059031544137,114.2919224456814,118.35210178107269,122.34349853133472,126.26836478570902,130.12884149697834,133.92696506149355,137.66467350873955,141.3438123162345,144.96613986696622,148.53333256733174,152.0469896438268,155.5086376366525,158.91973460806844,162.2816740827978,165.59578873713957,168.86335385270985,172.08559054995214,175.2636688157512,178.39871033867553,181.49179116457253,184.54394418446043,187.55616146590614,190.52939643835668,193.46456594220183,196.3625521506948,199.22420437324053
61,20.0,25.974710091306065,31.8067952163143,37.50208749051234,43.06619277473021,48.504480474852414,53.82207939191977,59.02387805688454,64.11452833839263,69.0984513894648,73.97984521589058,78.7626933184078,83.4507739925507,88.04766997250994,92.5567781848377,96.98131943936528,101.32434793221063,105.58876047232155,109.77730537103292,113.89259095550335,117.937093683108,121.9131658460546,125.82304286455866,129.6688501735665,133.4526097127985,137.17624603323287,140.84159203539696,144.45039435623693,148.00431842210838,151.50495318572257,154.95381556482346,158.3523546000522,161.70195534895544,165.0039425324656,168.25958394947105,171.47009367433475,174.63663505143535,177.76032350001526,180.84222914183943,183.88337926340512,186.8847606237061,189.8473216178465,192.7719743061267,195.65959631758312,198.51103263636048
62,20.0,25.94686971251906,31.752158091062938,37.4216367416949,42.96085362503243,48.37512315687661,53.669522211033836,58.848890500105426,63.91783415385004,68.88073158436163,73.74174093826343,78.50480860083428,83.17367834535821,87.75190082085533,92.24284314889445,96.64969846026327,100.9754952486951,105.22310645461374,109.39525821929772,113.4945382708201,117.52340391902084,121.48418964873667,125.3791143094316,129.21028790591907,132.97971799958754,136.6893157328496,140.34090149176393,143.93621022318024,147.47689642353345,150.9645388167201,154.40064473844706,157.78665424414447,161.12394395705638,164.41383067251616,167.6575747337265,170.85638319362533,174.01141277665556,177.12377265348744,180.19452704097893,183.22469763891507,186.21526591434548,189.16717524364736,192.08133292178098,194.95861204757824,197.79985329331328
63,20.0,25.919140584638683,31.697735787610895,37.34149734542291,42.855915927801846,48.24625153220671,53.517529635803044,58.67454162111426,63.7218483254062,68.66378582585605,73.50447277769138,78.24781878277633,82.89753339114515,87.45713543532224,91.92996247290614,96.31918017154442,100.62779151578525,104.85864575026415,109.01444700054338,113.09776253345086,117.11103063435968,121.05656809060116,124.93657727896948,128.75315286172383,132.50828810014883,136.20388079800495,139.84173888941092,143.4235856870967,146.9510648077473,150.42574479147675,153.8491234324448,157.2226318373513,160.5476382280845,163.82545150421618,167.05732458036965,170.24445751276994,173.38800042854268,176.48905627057707,179.54868337002569,182.5678978577842,185.5476759255891,188.48895594669546,191.39264046544878,194.25959806445184,197.09066511744783
64,20.0,25.8915223617675,31.643527668913407,37.26166842147023,42.751378601188776,48.11786435303998,53.36610028284082,58.50082992661146,63.52656927140731,68.44761246193866,73.26803902675476,77.99172211375276,82.62233734652807,87.16337200795346,91.61813433115265,95.98976273529013,100.28123488791516,104.4953765097975,108.63486986447975,112.70226189488466,116.69997198460709,120.63029933305864,124.4954299422485,128.29744321933083,132.03831820363968,135.71993943016582,139.34410244361942,142.91251897861594,146.42682182230868,149.88856937612167,153.29924993322584,156.6602856881433,159.97303649442546,163.23880338578948,166.45883187545002,169.63431504768886,172.76639645498102,175.85617283326496,178.90469664721758,181.9129784766842,184.88198925472363,187.81266236706546,190.70589562214496,193.5625531002778,196.38346688996995
65,20.0,25.864014699824054,31.589533101154473,37.18214909392236,42.64724056847689,47.98996037732718,53.21523277498494,58.327753929885546,63.3319954170791,68.23220984772536,73.03243798537915,77.73651685083672,82.34808843588678,86.87060873877004,91.30735690611664,95.66144432201969,99.93582352820232,104.13329689267556,108.25652497001238,112.30803451606647,116.29022613495886,120.20538154748323,124.05567047854697,127.84315716751468,131.56980650984474,135.2374898416055,138.8479903806292,142.40300833944752,145.90416572594512,149.35301084800642,152.75102253843824,156.099614116208,159.4001370996209,162.65388468651548,165.8620950159327,169.02595422503856,172.14659931437416,175.2251208337974,178.26256540076884,181.25993806194117,184.21820450833735,187.13829315375307,190.02109708540019,192.8674758952193,195.67825739973034
66,20.0,25.836617256520697,31.535751453705984,37.102938491120085,42.543500758012954,47.862538368690764,53.06492574120438,58.15531215070962,63.13812519441245,68.0175763453318,72.79766796069907,77.48220125850918,82.07478489120706,86.5788438356036,90.99762838830583,95.33422311050305,99.59155560825076,103.77240506709103,107.87941048502768,111.91507856717374,115.88179126009294,119.78181291497401,123.61729707710037,127.39029290522478,131.1027512289216,134.7565302551455,138.35340093737716,141.89505202211774,145.3830947882879,148.81906749543896,152.2044395567027,155.54061545218462,158.82893839810436,162.07069378646634,165.26711240943763,168.41937348195387,171.52860747538944,174.59589877443318,177.62228816861978,180.60877518928766,183.55632030207505,186.46584696443222,189.33824355702,192.17436519728903,194.97503544298576
67,20.0,25.809329691340906,31.482182099086174,37.02403574560151,42.44015810313459,47.73559709633912,52.91517781650151,57.983503115231315,62.944957042041835,67.8037103237408,72.56372726691438,77.22877360850373,81.80242495191459,86.2880755139189,90.68894697606424,95.00809728756104,99.2484293079408,103.41269920974725,107.50352458616294,111.52339222737777,115.47466554392224,119.35959162610101,123.18030793684096,126.93884864131854,130.637150581129,134.27705890387927,137.8603323612174,141.38864828968627,144.86360728958692,148.2867376173972,151.65949930732603,154.98328803737718,158.25943875491492,161.4892290762224,164.6738824739565,167.81457126576686,170.91241941667909,173.96850516716722,176.98386349816354,179.95948844359248,182.89633526036994,185.79532246518932,188.65733374682088,191.48321976208678,194.2737998231371
68,20.0,25.782151665516096,31.428824412916583,36.945439994041976,42.33721154209513,47.609135334977736,52.76598764181023,57.81232535585889,62.752489405119604,67.59061015866462,72.3306142251405,76.97623217964491,81.53100686470106,85.99830199662853,90.38131087537573,94.68306504785767,98.90644281521043,103.05417750562901,107.12886545856753,111.13297368459547,115.0688471793382,118.93871588064013,122.74470126612499,126.48882259428211,130.17300279654165,133.79907403088242,137.36878290962756,140.8837954154501,144.3457015204121,147.75601952322893,151.11620011999958,154.4276302234527,157.6916365453959,160.90948895657112,164.08240363755317,167.2115460337085,170.29803362658407,173.3429385334366,176.34728994595355,179.31207641856997,182.23824801615524,185.12671833023654,187.97836637234496,190.7940383525152,193.57454935044592
69,20.0,25.75508284200157,31.37567777387767,36.86715037719182,42.234660017985675,47.48315186471723,52.6173538638908,57.64177741114321,62.56072073518533,67.3782742324019,72.09832716325297,76.7245752576809,81.26052888334499,85.70952151390134,90.07471829966016,94.35912459368473,98.56559432582861,102.6968381477651,106.75543129565466,110.74382113523109,114.66433436794284,118.51918388729706,122.31047528244909,126.04021299193994,129.71030611475368,133.3225738889106,136.87875084990185,140.3804916826321,143.82937578133897,147.22691153233507,150.57454033448118,153.8736403721225,157.12553015487572,160.33147183818863,163.4926743380458,166.61029625259238,169.6854486028189,172.71919740380696,175.7125660773923,178.66653771647083,181.58205721055646,184.4600332416057,187.30134015855526,190.10681973847568,192.87728284173028
70,20.0,25.728122885451967,31.322741563663044,36.789166039812756,42.13250247865528,47.357645470978355,52.469275135220585,57.471857825655036,62.369649490029644,67.16670093368856,71.86686441572562,76.47380113510832,80.99098926852332,85.42173230296152,89.76916746956022,94.03627413473612,98.2258820431577,102.34067933697912,106.38322029884142,110.3559327839061,114.26112531976918,118.10099386341841,121.87762821215307,125.59301807114991,129.24905878456713,132.84755674008193,136.39023445882856,139.8787353840546,143.3146283826186,146.69941197383662,150.03451830026006,153.32131685480533,156.5611179783303,159.75517614130166,162.9046930226691,166.01082039847734,169.07466285213576,172.09728031763808,175.07969046639812,178.02287094775028,180.92776149256144,183.79526588881964,186.6262538375081,189.42156269654168,192.18199912003854
71,20.0,25.701271462196132,31.27001516693315,36.711486130612286,42.03073787662839,47.23261494439413,52.32175011388193,57.30256514985871,62.179274133554884,66.95588865754479,71.63622432346386,76.2239081109924,80.72238628761886,85.13493260788277,89.46465661272242,93.71451188787648,97.88730417790975,101.98569928163408,106.0122306772821,109.96930684318164,113.8592182529934,117.68414403469467,121.44615829011411,125.14723607748971,128.78925906367095,132.37402085555004,135.9032320223576,139.37852482180205,142.80145764383656,146.17351918623092,149.4961323762106,152.77065805227977,155.9983984200344,159.18060029533842,162.3184581477252,165.41311695631902,168.4656748899764,171.4771858227366,174.44866169505917,177.38107473072336,180.27535951867657,183.13241496854943,185.95310614801116,188.73826600961712,191.48869701430766
72,20.0,25.674528240211885,31.217497971267733,36.63410980217719,41.929365169021196,47.10805908071035,52.17477746344758,57.13389793998351,61.98959313563171,66.74583580511808,71.40640523363425,75.9748944907829,80.45471821452202,84.84912067937677,89.16118396357246,93.39383607690337,97.54985894789593,101.63189619736914,105.64246064759283,109.58394153327203,113.45861139363774,117.26863263485302,121.01606375943044,124.70286526493203,128.33090521830894,131.90196451516488,135.41774183525519,138.87985830687057,142.28986189355805,145.64923151703272,148.95938093023062,152.2216623543202,155.4373698931961,158.6077427385623,161.73396817821708,164.81718441960305,167.85848324010584,170.8589124749904,173.81947835326855,176.74114769120098,179.62484995256375,182.4714791842523,185.28189583526188,188.05692846657513,190.79737535900182
73,20.0,25.647892889099865,31.165189367117478,36.557036210905494,41.828383317455746,46.98397668068327,52.02835585286289,56.96585475789084,61.80060497195234,66.53654078352184,71.17740549948883,75.72675858612422,80.18798332942725,84.56429477457539,88.85874776308361,93.07424493230218,97.21354457776835,101.27926830682924,105.2739084335692,109.1998350817504,113.05930297526527,116.85445790534186,120.58734287109638,124.25990389551077,127.87399552293766,131.4313860071236,134.93376220074862,138.38273415880747,141.77983946896245,145.12654732240503,148.42426233886886,151.6743281593216,154.87803081957958,158.03660191769296,161.15122158746846,164.22302128996472,167.2530864342321,170.2424588379888,173.19213903834515,176.10308846211126,178.9762314646627,181.81245724579446,184.61262165047106,187.3775488618819,190.10803299373612
74,20.0,25.62136508005733,31.113088747754944,36.48026451693687,41.727791287972366,46.86036654997531,51.88248395632587,56.798434170939174,61.61230812388038,66.32800200567078,70.94922348018565,75.47949871466142,79.92217991862452,84.28045315680816,88.55734625854012,92.7557366909956,96.87835929875621,100.92781383938791,104.90657226589673,108.81698572324774,112.66129123866756,116.4416180950077,120.15999388366902,123.81835023897867,127.41852825987581,130.9622836276124,134.451291430161,137.88715070533937,141.27138871546668,144.6054649667779,147.89077498694036,151.12865387391213,154.32037962911534,157.4671762875152,160.57021685673192,163.63062607679643,166.6494830116133,169.62782348262948,172.5666423546408,175.4668956831074,178.32950273179887,181.15534786905937,183.9452823504709,186.70012599520442,189.42066876288362
75,20.0,25.594944485851556,31.06119550922466,36.40379388408269,41.62758805094103,46.73722749904937,51.737160453165245,56.63163475184638,61.424701078297915,66.12021789011277,70.72185754060604,75.23311319984276,79.65730627428718,83.9975940953754,88.25697770329589,92.4383095960884,96.54430134839646,100.57753103086452,104.54045038185478,108.43539169914408,112.26457443154402,116.03011145976387,119.73401506292714,123.3782025724567,126.96450171894492,130.49465568043928,133.97032784253724,137.39310628199263,140.7645079863396,144.08598282245822,147.3589172671318,150.58463791255508,153.76441475949974,156.89946431047628,159.99095247478436,163.03999729684193,166.04767151865138,169.01500498671197,171.94298691313367,174.83256800016085,177.6846624367771,180.5001497755418,183.27987669730948,186.02465867100506,188.7352815151699
76,20.0,25.568630780792944,31.009509050292934,36.32762347975489,41.52777258097154,46.6145583430615,51.59238402771666,56.46545507855018,61.23778232745053,65.91318686085873,70.49530605116928,74.98760037071912,79.39336069425627,83.71571586531763,87.95764035652934,92.12196189660779,96.21136897026042,100.2284181232373,104.17554102501674,108.05505125725614,111.86915080817778,115.61993626225438,119.30940468152392,122.93945918007671,126.51191419710273,130.0285004766589,133.4908697642611,136.90059923170304,140.25919564230622,143.56809926922875,146.82868757959665,150.0422786971405,153.21013465578335,156.33346445627188,159.41342693751147,162.4511334737797,165.44765050847445,168.4040019345196,171.32117133100985,174.20010406514314,177.04170926796343,179.84686169192918,182.616403457832,185.35114569812254,188.05187010325324
77,20.0,25.542423640707966,30.958028772397086,36.25175247489392,41.428343856822266,46.49235790175186,51.4481533691968,56.299893734065904,61.05155036878904,65.70690734720864,70.26956738764295,74.74295856173904,79.13034148182038,83.43481674718032,87.65933248299302,91.80669184723814,95.87956041367374,99.88047336434948,103.81184244494244,107.67596265151673,111.47501862910246,115.21109077150987,118.8861610186321,122.50211835261672,126.06076399806938,129.5638163341904,133.01291552866553,136.40962790441972,139.7554500511451,143.05181269394,146.30008433154194,149.50157465656775,152.6575377699504,155.7691752014229,158.83763874748223,161.86403313779562,164.84941854050828,167.79481291638996,170.70119423123356,173.56950253539532,176.4006419188541,179.19548234967095,181.95486140324954,184.67958588934,187.37043338329175
78,20.0,25.51632274291171,30.90675407959384,36.17618004389607,41.329300861307956,46.37062499933478,51.304467171576334,56.134949306343174,60.866003704810396,65.50137778357652,70.04463993095209,74.49918611254213,78.8682469454933,83.15489502677622,87.36205235276077,91.4924977080534,95.5488739334346,99.53369500761289,103.44935289686816,107.29812414165173,111.08217616076672,114.80357326259934,118.46428235958484,122.06617838713089,125.61104943194727,129.10060157742834,132.53646347563506,135.9201906566998,139.2532695872768,142.53712149009317,145.7731059368066,148.96252422631977,152.10662256048948,155.2065950288433,158.26358641351425,161.27869482514683,164.2529741800388,167.18743652827646,170.08305424210772,172.9407620732884,175.76145908763584,178.54601048453816,181.2952493086985,184.0099780609441,186.690970214502
79,20.0,25.490327766180428,30.855684378507874,36.100905364540324,41.23064258120729,46.24935846438768,51.161324133451785,55.970620388121006,60.68114084289613,65.29659660931287,69.82052206698597,74.25628136775015,78.60707539878962,82.87594899494502,87.0657982409719,91.17937774424593,95.21930778952725,99.18808131170726,103.08807064139194,106.92153399285189,110.69062167519331,114.39738201627779,118.04376699551125,121.63163758657458,125.1627688148364,128.63885453684867,132.0615119512039,135.4322858512989,138.75265263134725,142.02402405741714,145.24775081543282,148.42512584802978,151.55738749195598,154.645722427399,157.6912684502302,160.69511707771534,163.65831599776408,166.58187137129897,169.46674999682358,172.31388134577202,175.12415947673372,177.89844483617077,180.63756595278738,183.342321032271,186.01347945870396
80,20.0,25.464438390724013,30.804819078279934,36.02592761791476,41.132368007169305,46.12855712973948,51.01872295791617,55.806905576781446,60.49696029514979,65.09256226852585,69.59721218640294,74.01424267675554,78.34682515999702,82.59797694731009,86.77056842757236,90.86733022585236,94.89086024683309,98.84363054027682,102.72799394415568,106.546190475441,110.30035344963375,113.99251531862774,117.62461322296656,121.19849425942351,124.7159204684433,128.1785735486082,131.58805930714612,134.94591185675387,138.25359756980356,141.51251880143826,144.72401739323038,147.8893779690407,151.00983103452785,154.0865558914603,157.12068337760724,160.11329844255562,163.06544256933967,165.97811605128754,168.8522801330032,171.688859023916,174.48874179235202,177.25278414761777,179.9818101171361,182.676613625245,185.33795997985874
81,20.0,25.438654298158156,30.754157590514637,35.95124598834252,41.034476133619364,46.00821983235778,50.87666235242864,55.643803474202514,60.31346057823299,64.8892732099007,69.37470868443347,73.77306839350842,78.08749455194732,82.32097718403338,86.47636119705379,90.55635342747695,94.5635295748387,98.50034096162278,102.3691210755236,106.17209186454073,109.91136976622039,113.58897146069927,117.2068193435602,120.76674671929032,124.27050271968682,127.7197569541409,131.1161039005636,134.46106704696194,137.75610279446573,141.0026041330451,144.20190410133557,147.35527904195902,150.4639516635546,153.52909392044717,156.5518297205188,159.53323747143338,162.47435247491558,165.37616917831775,168.23964329223367,171.06569378244325,173.85520474400624,176.60902716486873,179.32798058590657,182.01285466390806,184.6644106435968
82,20.0,25.41297517147666,30.703699329228016,35.87685966330724,40.936965958664416,45.8883454132353,50.7351410286833,55.48131268660933,60.130640213199854,64.6867278865177,69.15300996068174,73.53275687630185,77.82908190178529,82.0449480095682,86.18317483819021,90.24644562801262,94.23731404734127,98.1582108483945,102.01145031025834,105.79923643973257,109.52366891161427,113.18674873814444,116.79038366357764,120.33639328453506,123.8265139002981,127.26240309974753,130.64564409346593,133.97774980075286,137.26016670209123,140.49427846804673,143.6814093757634,146.82282752420156,149.91974785909957,152.97333501836727,155.98470600826977,158.95493272035816,161.88504429866606,164.77602936623833,167.62883811959273,170.44438429925435,173.22354704404626,175.96717263637544,178.67607614532363,181.3510429739399,183.9928303167373
83,20.0,25.387400695023473,30.653443710795216,35.80276783337882,40.83983648399891,45.768932717277096,50.59415770247813,55.31943182442615,59.94849772533195,64.48492475567042,68.93211441892726,73.29330648755666,77.57158554073732,81.76988773241146,85.89100764377429,89.93760511036129,93.91221194215342,97.81723847727847,101.6549799271956,105.42762248471797,109.137249176652,112.78584545085141,116.37530449360247,119.90743227787584,123.38395234642019,126.80651033618534,130.1766782523511,133.4959585014604,136.7657876939386,139.98754022672864,143.16253165695713,146.29202187753958,149.37721810547913,152.4192776933508,155.4193107741271,158.37838274911041,161.29751662831455,164.1776952321942,167.01986326317018,169.82492925494728,172.59376740717516,175.3272193125698,178.02609558319176,180.6911773821734,183.32321786680205
84,20.0,25.36193055446506,30.603390153898033,35.728969692138776,40.74308671480952,45.6499805931864,50.453711093583195,55.15815950212692,59.76703164397196,64.28386227868236,68.71202046692474,73.0547155936049,77.31500380387797,81.49579466485369,85.59985791035086,89.6298301611514,93.5882215408052,97.47742212868525,101.29970820891583,105.05724828697595,108.75210885598932,112.3862599025747,115.96158014813398,119.47986202599401,122.94281639820213,126.35207701825169,129.70920474777944,133.01569153648774,136.27296417532477,139.4823878334032,142.64526938933216,145.7628605676366,148.8363608907954,151.86692045717928,154.8556425548449,157.80358612076378,160.71176805465274,163.5811653961428,166.41271737358232,169.20732733233024,171.9658645499605,174.6891659453741,177.37803768840416,180.0332567161028,182.65557216152257
85,20.0,25.336564436762444,30.553538079472503,35.6554644361056,40.64671565968041,45.53148789335074,50.31379992560824,54.99749433808546,59.58624050235659,64.08353892072324,68.49272651620356,72.81698256447271,77.0593350298966,81.2226671227296,85.30972393795156,89.32311907045636,93.26534112824635,97.1387600864362,100.94563344141619,104.68811213742026,108.3682462477442,111.9879904005648,115.54920894520393,119.05368085913926,122.50310439939267,125.8991015043672,129.24322195394666,132.53694729687163,135.78169455518093,138.9788197159578,142.12962102081758,145.23534206358414,148.29717470646648,151.3162618248104,154.2936998901855,157.23054140120223,160.1277971710549,162.98643848036636,165.80739910348188,168.5915772159296,171.3398371903404,174.05301128770532,176.7319012504458,179.37727980338525,181.98989206834017
86,20.0,25.311302030143565,30.503886910656433,35.58225126465999,40.55072233049782,45.413453473727486,50.174422925870715,54.83743495442599,59.406122837450084,63.88395315062536,68.27423098186762,72.58010577366309,76.80457756086321,80.95050342516686,85.02060402982681,89.01747013151055,92.94356899254677,96.80125063744845,100.59275391377997,104.32021233005429,107.98565965313782,111.59103525519578,115.13818920599141,118.62888711073225,122.06481469693153,125.44758215615627,128.77872824825482,132.05972417684376,135.29197724560572,138.47683430540042,141.6155850023946,144.70946483743364,147.75965804675297,150.7673003139003,153.73348132243711,156.65924715863434,159.54560257298897,162.39351310897985,165.20390710706386,167.97767759149406,170.7156840471265,173.4187540929767,176.0876850588936,178.72324547133974,181.3261764539036
87,20.0,25.286143024075614,30.454436072737167,35.50932937997089,40.45510574235624,45.29587619373115,50.03557882526434,54.677979976873985,59.22667718977766,63.68510344069989,68.05653228239424,72.34408359793838,76.55072974199425,80.67930189433571,84.73249649217917,88.71288164042602,92.62290342459681,96.46489207141929,100.24106791784624,103.95354716162575,107.60434737613474,111.19539277959166,114.7285192544361,118.20547911696531,121.62794564053826,124.99751733802503,128.31572201087988,131.58402057338924,134.80381066141462,137.97643003540117,141.103159787631,144.1852273637249,147.22380940828077,150.22003444432073,153.17498539592657,156.08970196310202,158.96518285752205,161.8023879074338,164.6022400395657,167.36562714549262,170.09340383949984,172.78639311459222,175.4453879029095,178.07115254643878,180.66442418355933
88,20.0,25.261087109237394,30.405184993099624,35.43669798692082,40.3598649134629,45.178754916118805,49.89726635812673,54.51912803460641,59.04790210325882,63.48698826655357,67.83962883943451,72.1089144171035,76.29778992141934,80.40906085519879,84.44539963389661,88.40935189590982,92.30334271780896,96.12968268051236,99.89057374788018,103.58811493128229,107.2243077230844,110.80106128925411,114.3201974168528,117.78345521640483,121.19249558230302,124.54890541674109,127.85420162434116,131.10983488580626,134.3171932196912,137.47760534183556,140.59234383221724,143.6626281190152,146.6896272895641,149.6744627376773,152.61821065653345,155.5219043859907,158.38653662282695,161.21306150201804,164.00239655676876,166.7554245646137,169.47299528650802,172.15592710544178,174.80500857073383,177.42099985380025,180.0046341208419
89,20.0,25.23613397749193,30.356133101174294,35.36435629303219,40.264998865044106,45.06208850687716,49.759484262108174,54.36087776010294,58.86979612504109,63.289606106905126,67.62351907761223,71.8745966137883,76.04575644994651,80.13977863525969,84.15931176628447,88.10687919897958,91.98488516781703,95.79562075904113,99.54126970024174,103.2239139402252,106.84553900236028,110.40803910168802,113.9132220215439,117.36281374959083,120.75846287627428,124.10174476101002,127.3941654730674,130.63716551526284,133.83212333933477,136.98035866232374,140.08313559349807,143.14166558140454,146.15711019052492,149.13058371682337,152.06315565119849,154.95585299953336,157.8096624676827,160.62553251935861,163.40437531449209,166.14706853525666,168.85445710655483,171.5273548173892,174.16654584917222,176.77278621667284,179.34680512695786
90,20.0,25.21128332185907,30.30727982838556,35.292303508393616,40.17050662125138,44.945875835110144,49.62223127804123,54.20322778899771,58.69235780533478,63.092955443403184,67.40820142432551,71.6411285732321,75.79462768083016,79.87145356431432,83.87423120280033,87.80546185268162,91.6675290721783,95.46270460315492,99.19315407305567,102.86094249136448,106.46803952400063,110.01632453602792,113.50759139841244,116.94355305863752,120.3258458780474,123.6560337410528,126.93561194296382,130.1660108643536,133.34859944060827,136.48468843577035,139.57553353000492,142.6223382300608,145.62625661201167,148.5883959053732,151.50981892743243,154.3915463763155,157.2345589909756,160.03979958591594,162.80817496808817,165.54055774302526,168.2377880168914,170.90067500076157,173.52999852308272,176.1265104559215,178.69093606026962
91,20.0,25.18653483648859,30.258624608100547,35.2205388455867,40.076387209067775,44.830115772926035,49.48550614980985,54.04617675993154,58.5155856972479,62.89703476044423,67.19367430954748,71.4085086830678,75.54440196953857,79.6040839742019,83.59015625878845,87.50509816180954,91.35127273007595,95.1309325105259,98.84622516588342,102.49919888897557,106.09180759935037,109.6259159126663,113.10330387857687,116.52567148683534,119.89464294435442,123.21177072818404,126.47853942097942,129.69636933665754,132.86661994468642,135.99059310190404,139.06953610098753,142.1046445447447,145.09706505531824,148.04789782721537,150.95819903282404,153.82898308877827,156.6612247911986,159.45586132748065,162.2137941719355,164.93589087221727,167.62298673310374,170.27588640383448,172.8953653748594,175.48217138950957,178.03702577577604
92,20.0,25.16188821663303,30.21016687557818,35.1490615196135,39.98263965821559,44.7148071953265,49.34930762422033,53.88972331440499,58.33947835662235,62.70184254499179,66.97993616562889,71.17673533310767,75.29507767352271,79.33766819855691,83.30708525121531,87.20578643262314,91.03611444202176,94.80030278003551,98.50048127939402,102.13868143835532,105.71684154070289,109.23681155288102,112.70035779398529,116.10916737825221,119.46485243265323,122.76895409438981,126.02294629467434,129.22823933629508,132.38618327320404,135.49807110081724,138.56514176594618,141.5885830053346,144.56953402170188,147.50908800602468,150.40829451454726,153.26816170872127,156.0896584659502,158.87371636866897,161.6212315789311,164.33306660531485,167.01005196860075,169.65298777231845,172.26264518391724,174.83976783198176,177.38507312459393
93,20.0,25.137343158621036,30.16190606791838,35.07787074782408,39.88926300106402,44.59994898009552,49.21363445087252,53.73386609663237,58.16403434187072,62.507377286396604,66.76698542710153,70.94580691513022,75.04665315198667,79.07220457256307,83.02501649840696,86.90752497256943,90.7220525095612,94.47081371146413,98.15592071503818,101.77938844548095,105.34313966094396,108.84900977846547,112.29875147703183,115.69403907733727,119.03647270071934,122.3275822119079,125.56883095178893,128.76161926748733,131.90728784780555,135.00712087250702,138.06234898416426,141.07415209135206,144.04366201190265,146.97196496477602,149.86010391886924,152.7090808068059,155.51985861143328,158.29336333241798,161.03048583998242,163.73208362247317,166.39898243410045,169.03197784884264,171.63183672617362,174.1992985939441,176.73507695343613
94,20.0,25.112899359830806,30.113841624011854,35.00696574984488,39.79625627253762,44.48554000768934,49.07848538203194,53.578603753396806,57.98925221381472,62.313637476218275,66.55482053048314,70.71572182266823,74.79912676565925,78.80769143270828,82.74394831978759,86.61031209000515,90.40908523497973,94.14246360518143,97.81254177472334,101.42131821667016,104.97070027319774,108.46250891136009,111.89848326017488,115.28028492852587,118.60950210623821,121.88765345280831,125.11619177981373,128.29650753411545,131.42993208969477,134.51774085641614,137.56115621424135,140.56135028148742,143.51944752566192,146.43652722525667,149.31362579065768,152.15173895205783,154.95182382195378,157.71480083948052,160.4415556034993,163.13294060100998,165.78977683711696,168.41285537243994,171.00293877353147,173.56076248154528,176.08703610409134
95,20.0,25.088556518664006,30.065972984490713,34.936345747507914,39.703618510025876,44.3715791611275,48.94385917250327,53.42393493390648,57.81513053552436,62.12062160804771,66.34343991408343,70.48647845079847,74.5524968765668,78.5441271165414,82.46387903562004,86.31414609392073,90.09721092101086,93.81525076183857,97.47034276049015,101.06446905824231,104.59952169047295,108.07730727328487,111.4995514755559,114.86790327584583,118.18393900639933,121.44916618857604,124.66502716556096,127.83290253928226,130.95411441918742,134.02992949097666,137.0615619136289,140.05017605312793,142.99688906124402,145.9027733075818,148.76885867289076,151.59613471137226,154.38555268942127,157.138027507922,159.8544395148872,162.5356362148956,165.1824338814481,167.79561907803208,170.37595009336275,172.92415829595825,175.4409494129041
96,20.0,25.06431433451951,30.018299591678897,34.86600996478029,39.61134875329333,44.258065325884786,48.809754579504784,53.269858289652234,57.64166787215902,61.92832817733182,66.13284201781227,70.25807519593354,74.30676184780896,78.28150996243113,82.18480696674823,86.01902529366691,89.78642787054656,93.48917348206305,97.12932197419224,100.70883927618343,104.22960222531333,107.69340318537536,111.10195445462193,114.45689246252658,117.75978175749304,121.01211878969582,124.21533549473838,127.37080268487557,130.47983325526434,133.54368521315416,136.5635645381659,139.54062788188617,142.47598511495772,145.37070172970988,148.22580110616684,151.04226664901825,153.8210438028492,156.56304195261674,159.26913621604007,161.94016913424304,164.5769522666629,167.18026769591523,169.75086944799176,172.28948483286183,174.79681571025452
97,20.0,25.040172507767807,29.970820889543347,34.79595762769446,39.519446044390634,44.14499738978418,48.67617036254393,53.11637247426614,57.468862790809624,61.73675568119927,65.9230252829891,70.03051045561489,74.06192004333542,78.01983830932693,81.9067304343422,85.72494799868338,89.47673438635042,93.16423006615616,96.78947771717816,100.35442717581299,103.86094018945016,107.31079496782132,110.70569052775056,114.0472508306114,117.3370287145105,120.57650962524065,123.7671151515267,126.91020637113502,130.00708701512883,133.0590064579963,136.06716254161944,139.03270424113282,141.95673418068202,144.840311006962,147.6844516282183,150.490133326148,153.2582957478594,155.98984278474853,158.68564434483778,161.34653802480233,163.97333068759315,166.56679995124887,169.1276955941819,171.65674088192566,174.15463382004185
98,20.0,25.01613073972544,29.92353632364609,34.72618796427952,39.4279094275667,44.03237424289097,48.543105283294324,52.96347614338197,57.29671386034255,61.54590261828821,65.71398815215468,69.80378262830823,73.81796982772511,77.75911049652177,81.62964775964434,85.43191251822935,89.168128770772,92.84041881379153,96.45080828997453,100.00123106145219,103.4935338934556,106.92948093950599,110.31075802387585,113.63897672057027,116.91567823074388,120.14233706246006,123.3203645181568,126.45111199621942,129.5358741137643,132.5758916581812,135.57235437522456,138.52640360152884,141.43913474939126,144.31159965154092,147.14480877342487,149.93973330030462,152.69730710618546,155.41842861131,158.10396253464154,160.75474154745257,163.37156783382272,165.95521456354277,168.50642728262068,171.02592522629323,173.51440255916555
99,20.0,24.992188732630098,29.87644534109637,34.65670020449312,39.33673794918178,43.920194777408256,48.41055810547442,52.81116795449748,57.125219651245686,61.35576748857608,65.50572906888459,69.57789011320136,73.57490956596786,77.499324863418,81.35355726371972,85.13991716111781,88.86060932546553,92.51773802371883,96.11331199197474,99.64924923609772,103.12738164640223,106.5494594176514,109.91715527012002,113.23206847091853,116.49572865739293,119.70959946637498,122.87508197449341,125.99351795577945,129.06619296349714,132.09433924357143,135.07913848722973,138.02172443056327,140.92318530868613,143.78456617205535,146.60687107233196,149.3910651249355,152.13807645518142,154.84879803460706,157.52408941379502,160.1647783577004,162.77166238918352,165.34551024615087,167.88706325741157,170.39703664207178,172.87612073701348
